variable,min,max,mean,median,variance
replynum,0,13537,3.95280112044818,1,4354.63947720221
readnum,0,657191970,17817.9984126984,1453,10081677661596.5
